model,machine,context_length,horizon,with_covariates,device,n_samples,mae,rmse,inference_ms,coverage,crps,winkler,training_mode,ft_epochs,ft_time_s,ft_train_machines,experiment
granite-ttm-ft-E1_univariate,homelab,512,60,False,cuda,25,0.0022008647918701,0.0026042606314067,6.299812160068541,,,,ft_combined,0,1154.11482526,combined,E1_univariate
granite-ttm-ft-E1_univariate,homelab,512,96,False,cuda,25,0.0078971779346466,0.0128328818174395,4.938870840051095,,,,ft_combined,0,1154.11482526,combined,E1_univariate
granite-ttm-ft-E1_univariate,chameleon,512,60,False,cuda,25,0.0156895039876302,0.0175186011698105,4.937493640100001,,,,ft_combined,0,1154.11482526,combined,E1_univariate
granite-ttm-ft-E1_univariate,chameleon,512,96,False,cuda,25,0.0149359607696533,0.0167168702039928,5.089361919890507,,,,ft_combined,0,1154.11482526,combined,E1_univariate
granite-ttm-ft-E1_univariate,ares,512,60,False,cuda,25,0.0008480758666992,0.001238835604594,4.860167639926658,,,,ft_combined,0,1154.11482526,combined,E1_univariate
granite-ttm-ft-E1_univariate,ares,512,96,False,cuda,25,0.0009648704528808,0.0013805638777908,5.332964159824769,,,,ft_combined,0,1154.11482526,combined,E1_univariate
granite-ttm-ft-E1_univariate,ares-comp-10,512,60,False,cuda,25,0.1711884218851725,0.270178074795082,4.921397639991483,,,,ft_combined,0,1154.11482526,combined,E1_univariate
granite-ttm-ft-E1_univariate,ares-comp-10,512,96,False,cuda,25,0.2197877224286397,0.347915589359247,4.822127239822294,,,,ft_combined,0,1154.11482526,combined,E1_univariate
